title,category,views
104.16.41.2,???,2
12.129.147.65,???,33
12.129.210.41,Windows XP,3
12.129.210.46,Windows XP,6
12.130.60.2,Windows XP,23
123.153.71.129,Windows XP,2
125.211.216.53,???,1
128.114.49.8,Linux 2.6.x,21
128.241.21.229,???,5
128.241.218.17,Linux 2.4.x,8
128.241.218.24,Linux 2.4.x,12
128.241.218.25,Linux 2.4.x,7
128.241.218.35,Linux 2.4.x,3
128.241.218.51,Linux 2.4.x,3
128.241.218.66,Linux 2.4.x,6
128.241.218.74,Linux 2.4.x,6
128.241.218.81,Linux 2.4.x,8
128.241.218.9,Linux 2.4.x,6
140.247.62.34,Linux 2.6.x,30
144.160.103.100,???,6
149.20.54.131,Linux 2.6.x,3
149.20.54.133,Linux 2.6.x,3
151.139.237.113,???,2
165.193.233.120,???,4
168.143.188.82,???,14
168.167.149.94,Windows XP,2
168.75.68.13,Linux 2.6.x,4
168.75.68.97,Linux 2.4.x,4
17.250.236.65,???,35
17.250.248.133,???,2
17.250.248.152,???,4
17.251.200.74,???,2
172.217.10.130,???,2
172.217.10.142,???,2
172.217.10.40,???,2
172.217.10.72,???,2
172.217.11.14,???,4
172.217.12.162,???,2
172.217.3.110,???,4
172.217.3.99,???,2
172.217.6.195,???,2
172.217.6.238,???,2
172.217.9.238,???,4
173.194.192.105,???,2
18.7.21.116,???,8
18.7.22.69,Windows 7 or 8,72
18.7.7.97,???,8
190.165.27.4,Windows XP,2
192.168.1.64,Mac OS X 10.x,1181
192.168.144.155,Linux 2.2.x-3.x,105
192.168.15.4,Mac OS X 10.x,5387
192.217.199.107,???,3
194.129.79.21,Windows XP,19
198.151.60.100,???,9
198.151.61.100,???,7
198.151.61.175,???,6
199.239.137.200,???,3
199.7.71.72,Linux 2.4.x,2
199.93.58.125,Linux 2.6.x,54
200.198.253.230,Windows XP,2
200.62.55.201,Linux 2.6.x,4
203.194.198.148,Linux 2.6.x,4
204.13.249.70,???,4
204.160.122.126,Linux 2.6.x,15
204.2.133.34,Linux 2.4.x,3
204.2.133.41,Linux 2.4.x,16
204.2.133.42,Linux 2.4.x,9
204.2.133.48,Linux 2.4.x,16
204.2.133.74,Linux 2.4.x,3
204.2.166.34,Linux 2.4.x,2
204.2.166.8,Linux 2.4.x,4
204.9.177.195,???,5
205.178.189.131,???,4
205.188.142.249,Windows XP,2
205.188.179.233,Windows XP,2
205.188.183.101,???,3
205.188.248.143,Windows XP,2
205.188.9.131,Windows XP,2
206.107.131.80,Linux 2.6.x,4
206.55.125.137,Linux 2.6.x,18
207.46.11.121,???,7
207.46.148.33,Windows XP,9
207.46.19.190,???,9
208.111.148.128,???,4
208.111.148.164,???,4
208.111.148.6,???,16
208.111.153.175,???,3
208.111.153.208,???,4
208.111.173.45,???,7
208.111.173.54,???,4
208.185.127.33,???,8
208.185.127.34,???,6
208.185.127.35,???,7
208.185.127.40,???,6
208.65.153.238,???,3
208.65.153.251,???,15
208.68.163.220,Linux 2.6.x,2
208.82.240.210,???,36
208.82.241.18,???,3
208.99.185.63,???,20
209.123.229.231,Linux 2.6.x,16
209.131.36.158,Windows 7 or 8,10
209.131.39.155,???,3
209.17.65.12,Linux 2.4-2.6,3
209.17.65.14,Linux 2.4-2.6,3
209.17.65.3,Linux 2.4-2.6,3
209.17.65.4,Linux 2.4-2.6,27
209.17.69.18,Linux 2.4-2.6,9
209.17.73.6,Linux 2.4-2.6,6
209.191.110.214,???,2
209.191.93.51,???,8
209.225.0.101,Linux 2.4-2.6,3
209.225.8.65,???,10
209.3.183.2,Linux 2.4-2.6,12
209.53.113.23,Windows XP,2
209.62.186.12,Linux 2.4.x,16
209.62.186.9,Linux 2.4.x,14
209.73.187.220,???,10
209.73.191.242,Linux 2.6.x,65
209.73.191.249,Linux 2.6.x,17
209.84.2.125,Linux 2.6.x,13
209.85.133.190,???,7
209.85.133.93,???,4
209.85.171.127,???,12
209.85.171.136,???,4
209.85.171.190,???,2
209.85.171.93,???,4
209.85.171.97,???,4
209.85.171.99,???,7
209.85.173.127,???,4
209.85.201.189,???,11
209.85.66.221,Linux 2.6.x,16
212.58.226.75,Linux 2.6.x,4
212.58.226.79,Linux 2.6.x,4
216.113.181.26,???,9
216.113.181.28,???,17
216.113.181.29,???,18
216.113.181.30,???,22
216.113.181.34,???,14
216.113.181.36,???,5
216.113.181.43,???,21
216.113.181.44,???,9
216.113.181.45,???,26
216.113.181.46,???,21
216.113.181.49,???,5
216.113.185.90,???,8
216.113.185.92,???,48
216.154.195.69,Windows XP,3
216.154.206.51,Windows 7 or 8,6
216.177.71.7,Windows XP,5
216.239.122.151,???,18
216.246.105.11,Linux 2.6.x,6
216.252.125.79,???,61
216.34.207.71,???,8
216.38.162.97,???,32
216.64.142.80,Linux 2.6.x,4
216.73.86.152,Windows XP,2
216.73.86.52,Windows XP,19
216.73.87.52,Windows XP,3
216.75.197.69,Linux 2.6.x,32
23.111.11.211,???,4
23.215.104.217,???,3
35.165.158.113,???,2
38.102.35.112,Windows XP,12
38.102.35.167,Linux 2.6.x,24
38.102.35.18,???,3
38.102.35.230,Linux 2.6.x,28
38.102.35.231,Linux 2.6.x,4
38.102.35.9,???,9
38.107.163.7,Linux 2.2.x-3.x,2
4.71.104.187,???,3
4.78.212.29,Windows XP,4
52.17.245.197,???,2
52.32.36.249,???,2
52.34.20.72,???,2
52.36.71.24,???,2
52.43.110.161,???,2
52.85.101.32,???,12
52.85.101.69,???,2
58.8.102.59,Linux 2.4.x,2
63.111.24.75,???,12
63.165.133.216,???,4
63.208.196.95,???,2
63.217.8.57,Linux 2.4.x,4
63.241.243.20,???,10
63.245.209.121,???,6
63.247.140.161,Linux 2.6.x,20
63.88.212.182,Windows XP,32
64.12.160.138,Windows XP,2
64.12.187.25,Windows XP,2
64.12.201.38,Windows XP,2
64.12.201.42,Windows XP,2
64.12.30.40,Windows XP,2
64.128.80.61,Linux 2.6.x,8
64.233.187.190,???,4
64.236.16.139,Linux 2.4-2.6,3
64.236.22.103,Linux 2.4-2.6,12
64.236.22.201,Windows 7 or 8,3
64.236.22.71,Linux 2.4.x,4
64.236.29.201,Windows 7 or 8,3
64.236.68.229,Linux 2.6.x,4
64.236.76.160,???,12
64.236.91.21,Windows 7 or 8,6
64.4.21.61,Windows XP,2
64.4.23.190,Windows XP,2
64.79.161.90,???,8
64.94.186.12,???,63
65.125.141.18,Windows 7 or 8,2
65.175.87.70,Linux 2.4-2.6,6
65.182.192.74,Windows XP,42
65.203.229.41,Windows XP,6
65.205.8.52,Windows XP,3
65.207.183.121,???,18
65.212.118.21,???,3
65.212.121.21,???,24
65.242.27.32,Windows XP,6
65.54.179.216,Windows XP,2
65.54.186.47,Windows XP,2
65.54.186.77,Windows XP,21
65.54.239.20,Windows XP,2
65.55.13.158,Windows XP,10
65.55.15.242,???,3
66.102.1.136,???,4
66.102.1.91,???,55
66.11.48.136,Linux 2.4-2.6,21
66.114.48.22,Linux 2.6.x,4
66.114.48.34,Linux 2.6.x,3
66.114.48.49,Linux 2.6.x,4
66.114.50.83,Linux 2.6.x,4
66.114.51.16,Linux 2.6.x,4
66.114.51.18,Linux 2.6.x,4
66.114.51.20,Linux 2.6.x,8
66.114.51.21,Linux 2.6.x,4
66.114.51.28,Linux 2.6.x,4
66.114.51.38,Linux 2.6.x,4
66.114.51.44,Linux 2.6.x,8
66.114.51.46,Linux 2.6.x,4
66.114.51.47,Linux 2.6.x,4
66.119.33.171,Linux 2.6.x,6
66.135.200.19,???,8
66.135.205.13,???,2
66.150.11.50,???,32
66.150.96.119,???,64
66.151.146.194,Linux 2.4.x,74
66.151.232.17,Linux 2.4.x,12
66.151.244.162,???,3
66.163.181.179,???,2
66.166.239.194,Windows XP,12
66.179.217.49,???,38
66.211.160.22,???,4
66.211.160.61,???,64
66.211.160.62,???,8
66.211.162.57,???,5
66.211.162.58,???,19
66.211.162.60,???,23
66.211.162.62,???,5
66.211.162.63,???,5
66.211.162.64,???,22
66.211.162.65,???,22
66.211.162.66,???,15
66.211.162.81,???,12
66.211.162.82,???,12
66.228.249.145,Windows XP,2
66.232.151.10,Windows XP,3
66.33.212.43,Linux 2.4.x,20
66.35.234.149,Linux 2.6.x,2
66.35.234.150,Linux 2.6.x,2
66.39.211.225,???,13
66.94.226.22,???,6
66.94.234.72,???,66
66.98.172.25,Linux 2.4-2.6,6
67.15.56.64,Linux 2.4-2.6,3
67.15.76.53,Linux 2.4-2.6,15
68.142.122.70,???,8
68.142.123.254,???,13
68.142.196.211,???,22
68.142.214.24,Linux 2.6.x,18
68.142.79.69,???,5
68.142.79.70,???,8
68.180.150.139,Linux 2.6.x,3
69.147.71.20,???,15
69.17.116.124,???,7
69.22.167.198,Linux 2.4.x,279
69.22.167.199,Linux 2.4.x,20
69.22.167.200,Linux 2.4.x,99
69.22.167.201,Linux 2.4.x,682
69.22.167.206,Linux 2.4.x,120
69.22.167.214,Linux 2.4.x,444
69.22.167.215,Linux 2.4.x,1006
69.22.167.216,Linux 2.4.x,7
69.22.167.217,Linux 2.4.x,19
69.22.167.222,Linux 2.4.x,4
69.22.167.223,Linux 2.4.x,34
69.22.167.224,Linux 2.4.x,8
69.22.167.225,Linux 2.4.x,32
69.22.167.230,Linux 2.4.x,3
69.22.167.232,Linux 2.4.x,22
69.22.167.239,Linux 2.4.x,24
69.22.167.246,Linux 2.4.x,59
69.22.167.247,Linux 2.4.x,12
69.22.167.248,Linux 2.4.x,51
69.22.167.249,Linux 2.4.x,32
69.25.152.120,???,3
69.25.94.22,Linux 2.4.x,39
69.26.180.17,Linux 2.4.x,17
69.26.180.23,Linux 2.4.x,3
69.26.180.24,Linux 2.4.x,4
69.26.180.8,Linux 2.4.x,19
69.26.190.48,Linux 2.6.x,20
69.28.150.204,???,4
69.28.176.12,???,4
69.28.176.41,???,4
69.28.176.53,???,4
69.28.176.65,???,4
69.28.176.68,???,4
69.28.178.68,???,4
69.39.67.98,Linux 2.4-2.6,15
69.63.176.11,???,3
69.63.176.174,Linux 2.6.x,18
69.63.176.40,???,8
69.63.176.44,???,2
69.63.178.11,???,4
69.63.178.12,???,6
69.63.178.23,???,2
69.80.200.254,???,14
69.80.225.91,???,11
70.42.153.135,Windows XP,3
70.50.251.14,Windows XP,2
72.14.223.191,???,7
72.14.253.125,???,4
72.21.202.98,???,4
72.21.207.136,???,9
72.21.210.11,???,6
72.21.211.101,???,21
72.21.211.145,???,12
72.21.91.29,???,2
72.246.86.52,Linux 2.4.x,4
72.247.171.161,Linux 2.4.x,155
72.247.171.191,Linux 2.4.x,4
72.30.33.114,???,3
72.32.231.8,Linux 2.6.x,30
72.5.244.79,???,3
74.125.15.159,Linux 2.6.x,3
74.125.15.21,Linux 2.6.x,3
74.125.15.23,Linux 2.6.x,3
74.125.15.29,Linux 2.6.x,3
74.125.15.33,Linux 2.6.x,3
74.125.15.81,Linux 2.6.x,6
74.125.15.98,Linux 2.6.x,7
74.125.19.101,???,4
74.125.19.102,???,12
74.125.19.103,???,28
74.125.19.104,???,38
74.125.19.118,???,30
74.125.19.127,???,33
74.125.19.136,???,7
74.125.19.147,???,12
74.125.19.164,???,4
74.125.19.165,???,4
74.125.19.166,???,3
74.125.19.167,???,22
74.125.19.17,???,16
74.125.19.19,???,16
74.125.19.190,???,15
74.125.19.91,???,14
74.125.19.93,???,22
74.125.19.96,???,12
74.125.19.97,???,11
74.125.19.99,???,28
74.54.77.137,Linux 2.6.x,4
74.6.104.11,Linux 2.6.x,13
74.66.229.33,Windows 7 or 8,2
75.126.76.142,???,4
76.13.208.11,Linux 2.6.x,36
76.13.212.11,Linux 2.6.x,58
76.74.252.195,Linux 2.6.x,32
77.67.126.34,Linux 2.4.x,3
77.67.126.48,Linux 2.4.x,4
77.67.126.81,Linux 2.4.x,4
77.67.126.9,Linux 2.4.x,12
8.12.217.125,Linux 2.6.x,12
8.12.221.123,Linux 2.6.x,3
84.200.227.131,Linux 2.6.x,32
85.10.206.119,Linux 2.6.x,4
89.1.128.81,Windows XP,2
89.216.64.93,Windows XP,2
91.121.109.197,Windows XP,6
91.189.89.240,???,4
91.212.136.200,???,2
